{"cameraMode":{"drawMode":0,"name":"Shaded","section":"Shading Mode"},"sceneLighting":false,"audioPlay":false,"sceneViewState":{"m_AlwaysRefresh":false,"showFog":true,"showSkybox":false,"showFlares":true,"showImageEffects":true,"showParticleSystems":true,"showVisualEffectGraphs":true,"m_FxEnabled":true},"in2DMode":false,"pivot":{"x":0.3099999725818634,"y":0.08559779822826386,"z":6.460000038146973},"rotation":{"x":-0.39574337005615237,"y":0.5868498682975769,"z":-0.39788857102394106,"w":-0.5836935043334961},"size":1.268071174621582,"orthographic":false}